Username,Gender,Age,Depressed?,Comments
Chaos_moon0,Male,14,1,0
vins13,Male,28,1,1
Old_Asparagus420,Female,16,1,2
thehand69,Male,18,1,3
GovPancake,Male,16,1,4
Mazeeken,Female,22,1,5
imnotcreative_0,Female,14,1,6
Cyanocitta,Non-Binary,44,1,7
Maevara,Male,18,1,8
Upbeatad1985,Demiboy,13,1,9
LemonadeBea,Female,19,1,0
sawendev,Agender,19,1,1
Thefanged4,Female,25,1,2
blazikenisstupid,Male,15,1,3
Orange_Hedgie,Non-Binary,14,1,4
DrishiCherry,Female,15,0,5
Upbeat-Shine6098,Female,27,0,6
Empathy_Dissertation,Female,28,0,7
Changetoday222,Male,21,0,8
aliciabromstadt,Female,23,0,9
